<?xml version="1.0" encoding="UTF-8"?>
<biblioteca genere="fantascienza">
 <libro stelle="3">
  <isbn>1111111</isbn>
  <elenco_autori>
    <autore>Manzoni senior</autore>
    <autore>Manzoni junior</autore>
    <autore>Manzoni Brother</autore>
  </elenco_autori>    
     <titolo>I promessi sposi</titolo>
</libro>
 
<libro stelle="3">
  <isbn>222222</isbn>
  <elenco_autori>
    <autore>Isaac Asimov</autore>
    <autore>Robert Heinlein </autore>    
  </elenco_autori>    
  <titolo>Antologia</titolo>
</libro>
 
<libro stelle="2">
  <isbn>33333333</isbn>
  <elenco_autori>
    <autore>Isaac Asimov</autore>   
  </elenco_autori>    
  
  <titolo>L'altra faccia della spirale</titolo>
</libro>
 
<libro><isbn>9999999</isbn><elenco_autori><autore>nuovoAutore1</autore><autore>nuovoAutore2</autore></elenco_autori><titolo>nuovo_libro</titolo></libro></biblioteca>
