<?xml version="1.0" encoding="UTF-8"?>
<biblioteca>
 <libro>
  <isbn>1111111</isbn>
  <elenco_autori>
    <autore>Manzoni senior</autore>
    <autore>Manzoni junior</autore>
    <autore>Manzoni Brother</autore>
  </elenco_autori>    
     <titolo>I promessi sposi</titolo>
</libro>
 
<libro>
  <isbn>222222</isbn>
  <elenco_autori>
    <autore>Isaac Asimov</autore>
    <autore>Robert Heinlein </autore>    
  </elenco_autori>    
  <titolo>Antologia</titolo>
</libro>
 
<libro>
  <isbn>33333333</isbn>
  <elenco_autori>
    <autore>Isaac Asimov</autore>   
  </elenco_autori>    
  
  <titolo>L'altra faccia della spirale</titolo>
</libro>
 
</biblioteca>
